-- --------------------------------------------------------------------------------------------------

CREATE SCHEMA warehousing AUTHORIZATION user_pg;

CREATE TABLE warehousing.account_sequences (
    account_id uuid NOT NULL,
    last_container_id int8 NOT NULL DEFAULT 0
);

CREATE UNIQUE INDEX uk_account_sequences_account_id ON warehousing.account_sequences (account_id);

-- --------------------------------------------------------------------------------------------------

CREATE TABLE warehousing.territories (
    territory_id int8 NOT NULL GENERATED BY DEFAULT AS IDENTITY CONSTRAINT pk_territories PRIMARY KEY,
    tag_version int4 NOT NULL DEFAULT 1 CHECK(tag_version > 0),
    account_id uuid NOT NULL,
    territory_caption character varying(64) NOT NULL,
    territory_address jsonb NOT NULL,
    territory_description character varying(1024) NOT NULL,
    code_pattern character varying(128) NOT NULL,
    created_at timestamp with time zone NOT NULL DEFAULT NOW(),
    updated_at timestamp with time zone NOT NULL DEFAULT NOW(),
    deleted_at timestamp with time zone NULL
);

CREATE INDEX ik_territories_account_id ON warehousing.territories (account_id) WHERE deleted_at IS NULL;

-- --------------------------------------------------------------------------------------------------

INSERT INTO warehousing.territories (territory_id, tag_version, account_id, territory_caption, territory_address, territory_description, code_pattern, created_at, updated_at, deleted_at)
VALUES (1, 1, 'eaae5115-5521-47a7-9e65-89ac056a1b46', 'Территория 1', '{"address": "ул. Пушкина"}', 'Хорошая территория\nШаблон: зона[A-Z+]-ряд[d+]-стеллаж[d+]/место[d+]\nПримеры: А-04-3/2, B-14-8', '[A-Z]+-(0[1-9]|d{2})-([1-9]|d{2})(/([1-9]|d{2,3}))?', '2026-03-07 16:46:46.470445 +03:00', '2026-03-07 16:46:46.526748 +03:00', null),
       (2, 1, 'eaae5115-5521-47a7-9e65-89ac056a1b46', 'Территория 2', '{"address": "пр. Тургенева"}', 'Отличная территория\nШаблон: ряд[d+]-стеллаж[d+]/место[d+]\nПримеры: 04-3/2, 14-8', '(0[1-9]|d{2})-([1-9]|d{2})(/([1-9]|d{2,3}))?', '2026-03-07 16:46:46.470445 +03:00', '2026-03-07 16:46:46.526748 +03:00', null);

ALTER SEQUENCE warehousing.territories_territory_id_seq RESTART WITH 3;

-- --------------------------------------------------------------------------------------------------

CREATE TABLE warehousing.stores (
    store_id  int8 NOT NULL GENERATED BY DEFAULT AS IDENTITY CONSTRAINT pk_stores PRIMARY KEY, -- location_id = [1 - 10^18-1]
    tag_version int4 NOT NULL DEFAULT 1 CHECK(tag_version > 0),
    account_id uuid NOT NULL,
    territory_id int8 NOT NULL, -- FOREIGN KEY warehousing.territories::territory_id
    store_kind int2 NOT NULL, -- 1=NORMAL, 2=ENTRY_POINT, 3=EXIT_POINT
    store_code character varying(16) NOT NULL, -- (store|zone|room)-row-shelf/place
    store_volume jsonb NOT NULL, -- width, length, height
    activity_status int2 NOT NULL, -- 1=ENABLED, 2=CLEANING_UP, 3=ARCHIVED
    containers_volume double precision NOT NULL, -- meter3 (auto calculated)
    created_at timestamp with time zone NOT NULL DEFAULT NOW(),
    updated_at timestamp with time zone NOT NULL DEFAULT NOW(),
    deleted_at timestamp with time zone NULL
);

CREATE UNIQUE INDEX uk_stores_territory_id_store_code ON warehousing.stores (territory_id, store_code) WHERE deleted_at IS NULL;
CREATE INDEX ik_stores_account_id ON warehousing.stores (account_id) WHERE deleted_at IS NULL;

-- --------------------------------------------------------------------------------------------------

INSERT INTO warehousing.stores (store_id, tag_version, account_id, territory_id, store_kind, store_code, store_volume, activity_status, containers_volume, created_at, updated_at, deleted_at)
VALUES (1, 1, 'eaae5115-5521-47a7-9e65-89ac056a1b46', 1, 1, 'C-21-6/1', '{"width": 100, "height": 10, "length": 10}', 1, 0, '2026-03-07 17:08:30.979875 +03:00', '2026-03-07 17:08:31.014368 +03:00', null),
       (2, 1, 'eaae5115-5521-47a7-9e65-89ac056a1b46', 1, 1, 'E-48-23/121', '{"width": 100, "height": 10, "length": 10}', 1, 0, '2026-03-07 17:08:30.979875 +03:00', '2026-03-07 17:08:31.014368 +03:00', null),
       (3, 1, 'eaae5115-5521-47a7-9e65-89ac056a1b46', 1, 1, 'E-56-4/15', '{"width": 100, "height": 10, "length": 10}', 1, 0, '2026-03-07 17:08:30.979875 +03:00', '2026-03-07 17:08:31.014368 +03:00', null),
       (4, 1, 'eaae5115-5521-47a7-9e65-89ac056a1b46', 1, 1, 'E-87-7/95', '{"width": 100, "height": 10, "length": 10}', 1, 0, '2026-03-07 17:08:30.979875 +03:00', '2026-03-07 17:08:31.014368 +03:00', null),
       (5, 1, 'eaae5115-5521-47a7-9e65-89ac056a1b46', 1, 1, 'C-25-2/17', '{"width": 100, "height": 10, "length": 10}', 1, 0, '2026-03-07 17:08:30.979875 +03:00', '2026-03-07 17:08:31.014368 +03:00', null),
       (6, 1, 'eaae5115-5521-47a7-9e65-89ac056a1b46', 1, 1, 'C-47-6/11', '{"width": 100, "height": 10, "length": 10}', 1, 0, '2026-03-07 17:08:30.979875 +03:00', '2026-03-07 17:08:31.014368 +03:00', null),
       (7, 1, 'eaae5115-5521-47a7-9e65-89ac056a1b46', 2, 1, '27-19', '{"width": 100, "height": 10, "length": 10}', 1, 0, '2026-03-07 17:08:30.979875 +03:00', '2026-03-07 17:08:31.014368 +03:00', null),
       (8, 1, 'eaae5115-5521-47a7-9e65-89ac056a1b46', 2, 1, '63-41', '{"width": 100, "height": 10, "length": 10}', 1, 0, '2026-03-07 17:08:30.979875 +03:00', '2026-03-07 17:08:31.014368 +03:00', null),
       (9, 1, 'eaae5115-5521-47a7-9e65-89ac056a1b46', 1, 1, 'C-18-5/1', '{"width": 100, "height": 10, "length": 10}', 1, 0, '2026-03-07 17:08:30.979875 +03:00', '2026-03-07 17:08:31.014368 +03:00', null),
       (10, 1, 'eaae5115-5521-47a7-9e65-89ac056a1b46', 1, 1, 'C-54-2/1', '{"width": 100, "height": 10, "length": 10}', 1, 0, '2026-03-07 17:08:30.979875 +03:00', '2026-03-07 17:08:31.014368 +03:00', null),
       (11, 1, 'eaae5115-5521-47a7-9e65-89ac056a1b46', 1, 1, 'A-01-1/1', '{"width": 100, "height": 10, "length": 10}', 1, 0, '2026-03-07 17:08:30.979875 +03:00', '2026-03-07 17:08:31.014368 +03:00', null),
       (12, 1, 'eaae5115-5521-47a7-9e65-89ac056a1b46', 1, 1, 'A-01-1/2', '{"width": 100, "height": 10, "length": 10}', 1, 0, '2026-03-07 17:08:30.979875 +03:00', '2026-03-07 17:08:31.014368 +03:00', null),
       (13, 1, 'eaae5115-5521-47a7-9e65-89ac056a1b46', 1, 1, 'A-01-2', '{"width": 100, "height": 10, "length": 10}', 1, 0, '2026-03-07 17:08:30.979875 +03:00', '2026-03-07 17:08:31.014368 +03:00', null),
       (14, 1, 'eaae5115-5521-47a7-9e65-89ac056a1b46', 1, 1, 'A-02-1', '{"width": 100, "height": 10, "length": 10}', 1, 0, '2026-03-07 17:08:30.979875 +03:00', '2026-03-07 17:08:31.014368 +03:00', null),
       (15, 1, 'eaae5115-5521-47a7-9e65-89ac056a1b46', 1, 1, 'B-01-1', '{"width": 100, "height": 10, "length": 10}', 1, 0, '2026-03-07 17:08:30.979875 +03:00', '2026-03-07 17:08:31.014368 +03:00', null),
       (16, 1, 'eaae5115-5521-47a7-9e65-89ac056a1b46', 1, 1, 'B-02-1', '{"width": 100, "height": 10, "length": 10}', 1, 0, '2026-03-07 17:08:30.979875 +03:00', '2026-03-07 17:08:31.014368 +03:00', null),
       (17, 1, 'eaae5115-5521-47a7-9e65-89ac056a1b46', 2, 1, '01-1/1', '{"width": 100, "height": 10, "length": 10}', 1, 0, '2026-03-07 17:08:30.979875 +03:00', '2026-03-07 17:08:31.014368 +03:00', null),
       (18, 1, 'eaae5115-5521-47a7-9e65-89ac056a1b46', 2, 1, '01-1/2', '{"width": 100, "height": 10, "length": 10}', 1, 0, '2026-03-07 17:08:30.979875 +03:00', '2026-03-07 17:08:31.014368 +03:00', null),
       (19, 1, 'eaae5115-5521-47a7-9e65-89ac056a1b46', 2, 1, '02-1', '{"width": 100, "height": 10, "length": 10}', 1, 0, '2026-03-07 17:08:30.979875 +03:00', '2026-03-07 17:08:31.014368 +03:00', null),
       (20, 1, 'eaae5115-5521-47a7-9e65-89ac056a1b46', 2, 1, '02-2', '{"width": 100, "height": 10, "length": 10}', 1, 0, '2026-03-07 17:08:30.979875 +03:00', '2026-03-07 17:08:31.014368 +03:00', null);

ALTER SEQUENCE warehousing.stores_store_id_seq RESTART WITH 21;

-- --------------------------------------------------------------------------------------------------

CREATE TABLE warehousing.containers (
    container_id int8 NOT NULL CONSTRAINT pk_containers PRIMARY KEY, -- location_id = [10^18 - inf)
    tag_version int4 NOT NULL DEFAULT 1 CHECK(tag_version > 0),
    account_id uuid NOT NULL,
    container_code character varying(32) NOT NULL, -- prefix: "G/" - group, "O/" - заказ, "M/" - материал, "A/" - любой предмет
    container_marker int2 NOT NULL, -- auto generated
    container_volume jsonb NOT NULL, -- width, length, height (if group then recalculated)
    container_tags jsonb NULL, -- list of tags
    container_images jsonb NULL, -- list of images
    created_at timestamp with time zone NOT NULL DEFAULT NOW(),
    updated_at timestamp with time zone NOT NULL DEFAULT NOW()
);

CREATE UNIQUE INDEX uk_containers_account_id_code_marker ON warehousing.containers (account_id, container_code, container_marker);
CREATE INDEX ik_containers_account_id_container_tags ON warehousing.containers (account_id, container_tags);

-- sequence name = table_name + "_" + primary_key_name + "_seq"
CREATE SEQUENCE warehousing.containers_group_id_seq START 1200000000000000001;
CREATE SEQUENCE warehousing.containers_container_id_seq START 2400000000000000001;

-- --------------------------------------------------------------------------------------------------

INSERT INTO warehousing.containers (container_id, tag_version, account_id, container_code, container_marker, container_volume, container_tags, container_images, created_at, updated_at)
VALUES (2400000000000000001, 1, 'eaae5115-5521-47a7-9e65-89ac056a1b46', 'code1', 0, '{}', null, null, '2026-03-09 14:15:07.608582 +03:00', '2026-03-09 14:15:07.608582 +03:00'),
       (2400000000000000002, 1, 'eaae5115-5521-47a7-9e65-89ac056a1b46', 'code1', 1, '{}', null, null, '2026-03-09 14:15:34.408265 +03:00', '2026-03-09 14:15:34.408265 +03:00'),
       (2400000000000000003, 1, 'eaae5115-5521-47a7-9e65-89ac056a1b46', 'code2', 0, '{}', null, null, '2026-03-09 14:15:57.820939 +03:00', '2026-03-09 14:15:57.820939 +03:00'),
       (2400000000000000004, 1, 'eaae5115-5521-47a7-9e65-89ac056a1b46', 'code2', 1, '{"width": 100, "height": 10, "length": 15}', null, null, '2026-03-09 14:16:08.755076 +03:00', '2026-03-09 14:16:08.755076 +03:00');

ALTER SEQUENCE warehousing.containers_container_id_seq RESTART WITH 2400000000000000005;

-- --------------------------------------------------------------------------------------------------

-- история контейнеров
CREATE TABLE warehousing.container_history (
    container_id int8 NOT NULL CONSTRAINT pk_container_history PRIMARY KEY,
    account_id uuid NOT NULL,
    container_code character varying(16) NOT NULL,
    container_marker int2 NOT NULL,
    container_tags jsonb NOT NULL, -- list of tags
    container_images jsonb NOT NULL, -- list of images
    container_volume jsonb NOT NULL, -- width, length, height
    created_at timestamp with time zone NOT NULL,
    updated_at timestamp with time zone NOT NULL,
    deleted_at timestamp with time zone NULL DEFAULT NOW()
);

CREATE INDEX ik_container_history_account_id_container_code ON warehousing.container_history (account_id, container_code);

-- --------------------------------------------------------------------------------------------------

CREATE TABLE warehousing.container_stocks (
    stock_id int8 NOT NULL GENERATED BY DEFAULT AS IDENTITY CONSTRAINT pk_container_stocks PRIMARY KEY,
    account_id uuid NOT NULL,
    container_id int8 NOT NULL, -- FOREIGN KEY warehousing.containers::container_id
    location_id int8 NOT NULL, -- два диапазона [1 - 10^18-1] and [10^18 - inf]
    container_quantity int4 NOT NULL,
    container_volume double precision NOT NULL, -- meter3 (auto calculated)
    created_at timestamp with time zone NOT NULL DEFAULT NOW()
);

CREATE UNIQUE INDEX uk_containers_container_id_location_id ON warehousing.container_stocks (container_id, location_id);
CREATE INDEX ik_containers_account_id ON warehousing.container_stocks (account_id);
CREATE INDEX ik_containers_location_id ON warehousing.container_stocks (location_id);

-- --------------------------------------------------------------------------------------------------

CREATE TABLE warehousing.container_stocks_log (
    account_id uuid NOT NULL,
    container_id int8 NOT NULL, -- FOREIGN KEY warehousing.containers::container_id
    location_id int8 NOT NULL,
    container_quantity int4 NOT NULL,
    created_at timestamp with time zone NOT NULL,
    deleted_at timestamp with time zone NULL DEFAULT NOW()
);

CREATE INDEX ik_container_stocks_log_account_id ON warehousing.container_stocks_log (account_id);
CREATE INDEX ik_container_stocks_log_container_id ON warehousing.container_stocks_log (container_id);
CREATE INDEX ik_container_stocks_log_location_id ON warehousing.container_stocks_log (location_id);
CREATE INDEX ik_container_stocks_log_created_at ON warehousing.container_stocks_log (created_at);
